"IN";"Antiphona ad Introïtum";"Antienne d'Introït";"Entrance antiphon"
"GR";"Graduale";"Graduel";"Gradual"
"AL";"Allelúia ";"Alléluia";"Alleluia"
"TR";"Tractus";"Trait";"Tractus"
"SE";"Sequentia";"Séquence";"Sequence"
"OF";"Antiphona ad Offertorium";"Antienne d'offertoire";"Offertory antiphon"
"CO";"Antiphona ad Communionem";"Antienne de Communion";"Communion antiphon"
"AN";"Antiphona";"Antienne";"Antiphon"
"RE";"Responsorium";"Répons";"Response"
;"Memoria";"Mémoire";
;"Festum";"Fête";
;"Dominica";"dimanche";"Sunday"
;"Feria II";"lundi";"Monday"
;"Feria III";"mardi";"Tuesday"
;"Feria IV";"mercredi";"Wednesday"
;"Feria V";"jeudi";"Thursday"
;"Feria VI";"vendredi";"Friday"
;"Sabatto";"samedi";"Saturday"
;"Ianuarii";"janvier";"January"
;"Februarii";"février";"February"
;"Martii";"mars";"March"
;"Aprilii";"avril";"April"
;"Maii";"mai";"May"
;"Iunii";"juin";"June"
;"Iulii";"juillet";"July"
;"Augusti";"août";"August"
;"Septembri";"septembre";"September"
;"Octobri";"octobre";"October"
;"Novembri";"novembre";"November"
;"Decembri";"décembre";"December"
"IN_NATIVITATE_DOMINI";"IN NATIVITATE DOMINI";"NATIVITE DU SEIGNEUR";
"SANCTAE_FAMILIAE_IESU,_MARIAE_ET_IOSEPH";"SANCTÆ FAMILIÆ IESU, MARIÆ ET IOSEPH";"SAINTE FAMILLE DE JESUS, MARIE ET JOSEPH";
;"Infra octavam Nativitatis";"Dans l'octave de la Nativité";
;"Sollemnitas";"Sollennité";
;"Hebdomada II post Nativitatem";"II ème semaine après la Nativité";
;"Dominica II post Nativitatem";"II ème dimanche après la Nativité";
;"Hebdomada III post Nativitatem";"III ème semaine après la Nativité";
"IN_EPIPHANIA_DOMINI";"IN EPIPHANIA DOMINI";"EPIPHANIE DU SEIGNEUR";
;"IN BAPTISMATE DOMINI";"BAPTEME DU SEIGNEUR";
"DOMINICA_IN_PALMIS_DE_PASSIONE_DOMINI";"DOMINICA IN PALMIS DE PASSIONE DOMINI";"DIMANCHE DES RAMEAUX ET DE LA PASSION DU SEIGNEUR";
;"Tempus per annum ";"Temps dans l'année";
;"Hebdomada Sancta";"Semaine sainte";
;"Tempus passionis";"Temps de la Passion";
;"Feria II hebdomadae sanctae";"Lundi de la semaine sainte";
;"Feria III hebdomadae sanctae";"Mardi de la semaine sainte";
;"Feria IV hebdomadae sanctae";"Mercredi de la semaine sainte";
;"Feria V hebdomadae sanctae";"Jeudi de la semaine sainte";
"HS_5_AD_MISSAM_CHRISMATIS";"AD MISSAM CHRISMATIS";"A LA MESSE CHRISMALE";
"HS_5_MISSA_VESPERTINA_IN_CENA_DOMINI";"MISSA VESPERTINA IN CENA DOMINI";"MESSE VESPERALE DE LA CENE DU SEIGNEUR";
;"Sacrum Triduum Paschale";"Triduum pascal sacré";
;"IN PASSIONE DOMINI";"PASSION DU SEIGNEUR";
;"Sabbato Sancto";"Samedi Saint";
"DOMINICA_RESURRECTIONIS_IN_VIGILIAM";"DOMINICA RESURRECTIONIS IN VIGILIAM";"DIMANCHE DE LA RESURRECTION : VIGILE";
;"Dominica V Quadragesimae";"Vème dimanche de Carême";
;"Hebdomada V Quadragesimae";"Vème semaine de Carême";
;"Tempus Quadragesimae";"Temps du Carême";
;"Dominica IV Quadragesimae";"IV ème dimanche de Carême";
;"Hebdomada IV Quadragesimae";"IV ème semaine de Carême";
;"Dominica III Quadragesimae";"III ème dimanche de Carême";
;"Hebdomada III Quadragesimae";"III ème semaine de Carême";
;"Dominica II Quadragesimae";"II ème dimanche de Carême";
;"Hebdomada II Quadragesimae";"II ème semaine de Carême";
;"Dominica I Quadragesimae";"I er dimanche de Carême";
;"Hebdomada I Quadragesimae";"I er semaine de Carême";
;"Feria IV Cinerum";"Mercredi des Cendres";
;"Dies post Cineres";"Jours après les Cendres";
"DOMINICA_RESURRECTIONIS_IN_DIE";"DOMINICA RESURRECTIONIS";"DIMANCHE DE LA RESURRECTION";
;"Infra octavam paschae";"Dans l'octave de Pâques";
;"Tempus Paschale";"Temps pascal";
;"Feria II infra octavam Paschae";"Lundi dans l'octave de Pâques";
;"Feria III infra octavam Paschae";"Mardi dans l'octave de Pâques";
;"Feria IV infra octavam Paschae";"Mercredi dans l'octave de Pâques";
;"Feria V infra octavam Paschae";"Jeudi dans l'octave de Pâques";
;"Feria VI infra octavam Paschae";"Vendredi dans l'octave de Pâques";
;"Sabbato infra octavam Paschae";"Samedi dans l'octave de Pâques";
;"Dominica II Paschae";"II ème dimanche de Pâques";
;"Hebdomada II Paschae";"II ème semaine de Pâques";
;"Dominica III Paschae";"III ème dimanche de Pâques";
;"Hebdomada III Paschae";"III ème semaine de Pâques";
;"Dominica IV Paschae";"IV ème dimanche de Pâques";
;"Hebdomada IV Paschae";"IV ème semaine de Pâques";
;"Dominica V Paschae";"V ème dimanche de Pâques";
;"Hebdomada V Paschae";"V ème semaine de Pâques";
;"Dominica VI Paschae";"VI ème dimanche de Pâques";
;"Hebdomada VI Paschae";"VI ème semaine de Pâques";
"IN_ASCENSIONE_DOMINI";"IN ASCENSIONE DOMINI";"ASCENSION DU SEIGNEUR";
;"Dominica VII Paschae";"VII ème dimanche de Pâques";
;"Hebdomada VII Paschae";"VII ème semaine de Pâques";
"SACRATISSIMI_CORDIS_IESU";"SACRATISSIMI CORDIS IESU";"TRES SAINT COEUR DE JESUS";
"Immaculati_Cordis_B_Mariae Virginis";"Immaculati Cordis B. Mariae Virginis";"Coeur immaculé de la B. Vierge Marie";
;"Dominica IV Adventus";"IV ème dimanche de l'Avent";
;"Hebdomada IV Adventus";"IV ème semaine de l'Avent";
;"Dominica III Adventus";"III ème dimanche de l'Avent";
;"Hebdomada III Adventus";"III ème semaine de l'Avent";
;"Dominica II Adventus";"II ème dimanche de l'Avent";
;"Hebdomada II Adventus";"II ème semaine de l'Avent";
;"Dominica I Adventus";"Ier dimanche de l'Avent";
;"Hebdomada I Adventus";"Ière semaine de l'Avent";
;"Dominica Pentecostes";"Dimanche de la Pentecôte";
"D_N_IESU_CHRISTI_UNIVERSORUM_REGIS";"D.N. IESU CHRISTI UNIVERSORUM REGIS";"N. S. JESUS CHRIST, ROI DE L'UNIVERS";
"SANCTISSIMAE_TRINITATIS";"SANCTISSIMAE TRINITATIS";"TRES SAINTE TRINITE";
"SS_MI_CORPORIS_ET_SANGUINIS_CHRISTI";"SS.MI CORPORIS ET SANGUINIS CHRISTI";"TRES SAINT CORPS ET SANG DU CHRIST";
;"Tempus Nativitatis ";"Temps de la Nativité";
;"Tempus per annum ";"Temps dans l'année";
;"Tempus Quadragesimae ";"Temps du Carême";
;"Tempus passionis ";"Temps de la Passion";
;"Tempus Paschale ";"Temps pascal";
;"Tempus Adventus ";"Temps de l'Avent";
;"Dominica II per annum";"II ème dimanche dans l'année";
;"Dominica III per annum";"III ème dimanche dans l'année";
;"Dominica IV per annum";"IV ème dimanche dans l'année";
;"Dominica V per annum";"V ème dimanche dans l'année";
;"Dominica VI per annum";"VI ème dimanche dans l'année";
;"Dominica VII per annum";"VII ème dimanche dans l'année";
;"Dominica VIII per annum";"VIII ème dimanche dans l'année";
;"Dominica IX per annum";"IX ème dimanche dans l'année";
;"Dominica X per annum";"X ème dimanche dans l'année";
;"Dominica XI per annum";"XI ème dimanche dans l'année";
;"Dominica XII per annum";"XII ème dimanche dans l'année";
;"Dominica XIII per annum";"XIII ème dimanche dans l'année";
;"Dominica XIV per annum";"XIV ème dimanche dans l'année";
;"Dominica XV per annum";"XV ème dimanche dans l'année";
;"Dominica XVI per annum";"XVI ème dimanche dans l'année";
;"Dominica XVII per annum";"XVII ème dimanche dans l'année";
;"Dominica XVIII per annum";"XVIII ème dimanche dans l'année";
;"Dominica XIX per annum";"XIX ème dimanche dans l'année";
;"Dominica XX per annum";"XX ème dimanche dans l'année";
;"Dominica XXI per annum";"XXI ème dimanche dans l'année";
;"Dominica XXII per annum";"XXII ème dimanche dans l'année";
;"Dominica XXIII per annum";"XXIII ème dimanche dans l'année";
;"Dominica XXIV per annum";"XXIV ème dimanche dans l'année";
;"Dominica XXV per annum";"XXV ème dimanche dans l'année";
;"Dominica XXVI per annum";"XXVI ème dimanche dans l'année";
;"Dominica XXVII per annum";"XXVII ème dimanche dans l'année";
;"Dominica XXVIII per annum";"XXVIII ème dimanche dans l'année";
;"Dominica XXIX per annum";"XXIX ème dimanche dans l'année";
;"Dominica XXX per annum";"XXX ème dimanche dans l'année";
;"Dominica XXXI per annum";"XXXI ème dimanche dans l'année";
;"Dominica XXXII per annum";"XXXII ème dimanche dans l'année";
;"Dominica XXXIII per annum";"XXXIII ème dimanche dans l'année";
;"Hebdomada I per annum";"Ière semaine dans l'année";
;"Hebdomada II per annum";"II ème semaine dans l'année";
;"Hebdomada III per annum";"III ème semaine dans l'année";
;"Hebdomada IV per annum";"IV ème semaine dans l'année";
;"Hebdomada V per annum";"V ème semaine dans l'année";
;"Hebdomada VI per annum";"VI ème semaine dans l'année";
;"Hebdomada VII per annum";"VII ème semaine dans l'année";
;"Hebdomada VIII per annum";"VIII ème semaine dans l'année";
;"Hebdomada IX per annum";"IX ème semaine dans l'année";
;"Hebdomada X per annum";"X ème semaine dans l'année";
;"Hebdomada XI per annum";"XI ème semaine dans l'année";
;"Hebdomada XII per annum";"XII ème semaine dans l'année";
;"Hebdomada XIII per annum";"XIII ème semaine dans l'année";
;"Hebdomada XIV per annum";"XIV ème semaine dans l'année";
;"Hebdomada XV per annum";"XV ème semaine dans l'année";
;"Hebdomada XVI per annum";"XVI ème semaine dans l'année";
;"Hebdomada XVII per annum";"XVII ème semaine dans l'année";
;"Hebdomada XVIII per annum";"XVIII ème semaine dans l'année";
;"Hebdomada XIX per annum";"XIX ème semaine dans l'année";
;"Hebdomada XX per annum";"XX ème semaine dans l'année";
;"Hebdomada XXI per annum";"XXI ème semaine dans l'année";
;"Hebdomada XXII per annum";"XXII ème semaine dans l'année";
;"Hebdomada XXIII per annum";"XXIII ème semaine dans l'année";
;"Hebdomada XXIV per annum";"XXIV ème semaine dans l'année";
;"Hebdomada XXV per annum";"XXV ème semaine dans l'année";
;"Hebdomada XXVI per annum";"XXVI ème semaine dans l'année";
;"Hebdomada XXVII per annum";"XXVII ème semaine dans l'année";
;"Hebdomada XXVIII per annum";"XXVIII ème semaine dans l'année";
;"Hebdomada XXIX per annum";"XXIX ème semaine dans l'année";
;"Hebdomada XXX per annum";"XXX ème semaine dans l'année";
;"Hebdomada XXXI per annum";"XXXI ème semaine dans l'année";
;"Hebdomada XXXII per annum";"XXXII ème semaine dans l'année";
;"Hebdomada XXXIII per annum";"XXXIII ème semaine dans l'année";
;"Hebdomada XXXIV per annum";"XXXIV ème semaine dans l'année";
;"Immaculati Cordis B. Mariae Virginis ";"Coeur immaculé de la B. Vierge Marie";
;"In octava Nativitatis SOLLEMNITAS SANCTAE DEI GENITRICIS MARIAE";"Octave de la Nativité SOLENNITE DE LA SAINTE MERE DE DIEU, MARIE";
;"Ss. Basilii et Gregorii Nazianzeni, episcoporum et Ecclesiae doctorum";"Sts. Basile et Grégoire de Nazianze, évêques et docteurs de l'Église";
;"Ss.mi Nominis Iesu";"Très Saint Nom de Jésus";
;"IN EPIPHANIA DOMINI";"EPIPHANIE DU SEIGNEUR";
;"S. Raimundi de Penyafort, presbyteri";"St Raymond de Penyafort, prêtre.";
;"S. Hilarii, episcopi et Ecclesiae doctoris";"St Hilaire, évêque et docteur de l'Eglise";
;"S. Antonii, abbatis";"St Antoine, abbé.";
;"S. Fabiani, papae et martyris";"St Fabien, pape et martyr.";
;"S. Sebastiani, martyris";"St Sébastien, martyr.";
;"S. Agnetis, virginis et martyris";"St Agnès, vierge et martyre.";
;"S. Vincentii, diaconi et martyris";"St Vincent, diacre et martyr.";
;"S. Francisci de Sales, episcopi et Ecclesiae doctoris";"St François de Sales, évêque et docteur de l'Église.";
;"In conversione S. Pauli, apostoli";"Conversion de Saint Paul, apôtre.";
;"Ss. Timothei et Titi, episcoporum";"Sts Timothée et Tite, évêques.";
;"S. Angelae Merici, virginis";"Ste Angèle Merici, vierge.";
;"S. Thomae de Aquino, presbyteri et Ecclesiae doctoris";"St Thomas d'Aquin, prêtre et docteur de l'Église";
;"S. Ioannis Bosco, presbyteri";"St Jean Bosco, prêtre.";
;"IN PRAESENTATIONE DOMINI";"PRESENTATION DU SEIGNEUR";
;"S. Blasii, episcopi et martyris";"St Blaise, évêque et martyr";
;"S. Ansgarii, episcopi";"St Anschaire, évêque ";
;"S. Agathae, virginis et martyris";"Ste Agathe, vierge et martyre";
;"Ss. Pauli Miki et sociorum, martyrum";"St Paul Miki, prêtre, et ses compagnons, martyrs";
;"S. Hieronymi Emiliani";"St Jérôme Émilien";
;"S. Iosephinae Bakhita, virginis";"Ste Joséphine Bakhita, vierge";
;"S. Scholasticae, virginis";"Ste Scholastique, vierge";
;"B. Mariae Virginis de Lourdes";"Bienheureuse Marie, vierge de Lourdes ";
;"Ss. Cyrilli, monachi, et Methodii, episcopi";"Sts Cyrille, moine et Méthode, évêque";
;"Ss. septem Fundatorum Ordinis Servorum B. M. V.";"Les Sept Saints Fondateurs de l'ordre des Servites de la Bienheureuse Vierge Marie.";
;"S. Petri Damiani, episcopi et Ecclesiae doctoris";"St Pierre Damien, évêque et docteur de l'Église";
;"Cathedrae S. Petri, apostoli";"Chaire de St Pierre, apôtre";
;"S. Polycarpi, episcopi et martyris";"St Polycarpe, évêque et martyr";
;"S. Casimiri";"St Casimir";
;"Ss. Perpetuae et Felicitatis, martyrum";"Ste Perpétue et Ste Félicité, martyres";
;"S. Ioannis a Deo, religiosi";"St Jean de Dieu, religieux";
;"S. Franciscae Romanae, religiosae";"Ste Françoise Romaine, religieuse";
;"S. Patricii, episcopi";"St Patrice, évêque";
;"S. Cyrilli Hierosolymitani, episcopi et Ecclesiae doctoris";"St Cyrille de Jérusalem, évêque et docteur de l'Église";
;"S. IOSEPH, SPONSI B. M. V.";"ST JOSEPH, EPOUX DE LA BIENHEUREUSE VIERGE MARIE";
;"S. Turibii de Mongrovejo, episcopi";"St Turibio de Mongrovejo, évêque";
;"IN ANNUNTIATIONE DOMINI";"ANNONCIATION DU SEIGNEUR";
;"S. Francisci de Paola, eremitae";"St François de Paule, ermite";
;"S. Isidori, episcopi et Ecclesiae doctoris";"St Isidore, évêque et docteur de l'Église";
;"S. Vincentii Ferrer, presbyteri";"St Vincent Ferrier, prêtre";
;"S. Ioannis Baptistae de la Salle, presbyteri";"St Jean-Baptiste de la Salle, prêtre";
;"S. Stanislai, episcopi et martyris";"St Stanislas , évêque et martyr";
;"S. Martini I, papae et martyris";"St Martin 1er, pape et martyr";
;"S. Anselmi, episcopi et Ecclesiae doctoris";"St Anselme de Canterbury, évêque et docteur de l'Église";
;"S. Georgii, martyris";"St Georges, martyr";
;"S. Adalberti, episcopi et martyris";" St Adalbert, évêque et martyr";
;"S. Fidelis a Sigmaringen, presbyteri et martyris";"St Fidèle de Sigmaringen, prêtre et martyr";
;"S. Marci, evangelistae";"St Marc, évangéliste";
;"S. Petri Chanel, presbyteri et martyris";"St Pierre Chanel, prêtre et martyr";
;"S. Ludovici Mariae Grignion de Montfort, presbyteri";"St Louis Marie Grignon de Montfort, prêtre";
;"S. Catharinae Senensis, virginis et Ecclesiae doctoris";"Ste Catherine de Sienne, vierge et docteur de l’Église";
;"S. Pii V, papae";"St Pie V, pape";
;"S. Ioseph Opificis";"St Joseph ouvrier";
;"S. Athanasii, episcopi et Ecclesiae doctoris";"St Athanase, évêque et docteur de l'Église";
;"Ss. Philippi et Iacobi, apostolorum";"Sts Philippe et Jacques,  apôtres";
;"Ss. Nerei et Achillei, martyrum";"Sts Nérée et Achille, martyrs";
;"S. Pancratii, martyris";"St Pancrace, martyr";
;"B. Mariae Virginis de Fatima";"Bienheureuse Vierge Marie de Fatima";
;"S. Matthiae, apostoli";"St Matthias, apôtre";
;"S. Ioannis I, papae et martyris";"St Jean 1er, pape et martyr.";
;"S. Bernardini Senensis, presbyteri";"St Bernardin de Sienne, prêtre.";
;"S. Christophori Magallanes, presbyteri, et sociorum, martyrum";"St Christophe Magallanes, prêtre, et ses compagnons, martyrs";
;"S. Ritae de Cascia, religiosae";"Ste Rita de Cascia, religieuse";
;"S. Bedae Venerabilis, presbyteri et Ecclesiae doctoris";"St Bède le Vénérable, prêtre et docteur de l'Église";
;"S. Gregorii VII, papae";"St Grégoire VII, pape";
;"S. Mariae Magdalenae de Pazzi, virginis";"Ste Marie-Madeleine de Pazzi, vierge";
;"S. Philippi Neri, presbyteri";"St Philippe Néri, prêtre";
;"S. Augustini Cantuarensis, episcopi";"St Augustin de Cantorbéry, évêque";
;"In Visitatione B. Mariae Virginis";"Visitation de la Bienheureuse Vierge Marie";
;"S. Iustini, martyris";"St Justin, martyr";
;"Ss. Marcellini et Petri, martyrum";"Sts Marcellin et Pierre, martyrs.";
;"Ss. Caroli Lwanga et sociorum, martyrum";"St Charles Lwanga et ses compagnons, martyrs.";
;"S. Bonifatii, episcopi et martyris";"St Boniface, évêque et martyr.";
;"S. Norberti, episcopi";"St Norbert, évêque.";
;"S. Ephraem, diaconi et Ecclesiae doctoris";"St Ephrem, diacre et docteur de l'Église.";
;"S. Barnabae, apostoli";"St Barnabé, apôtre.";
;"S. Antonii de Padova, presbyteri et Ecclesiae doctoris";"St Antoine de Padoue, prêtre et docteur de l'Église.";
;"S. Romualdi, abbatis";"St Romuald, abbé.";
;"S Aloisii Gonzaga, religiosi";"St Louis de Gonzague, religieux";
;"S. Paulini Nolani";"St Paulin de Nole, évêque.";
;"Ss. Ioannis Fisher, episcopi, et Thomae More, martyrum";"Sts Jean Fisher, évêque et Thomas More, martyrs.";
;"IN NATIVITATE S. IOANNIS BAPTISTAE";"NATIVITE DE SAINT JEAN BAPTISTE";
;"S. Iosephmariæ Escrivá de Balaguer, presbyteri";"St Josemaria Escriva de Balaguer, prêtre.";
;"S. Cyrilli Alexandrini, episcopi et Ecclesiae doctoris";"St Cyrille d’Alexandrie, évêque et docteur de l'Église";
;"S. Irenaei, episcopi et martyris";"St Irénée, évêque et martyr";
;"Ss. PETRI ET PAULI, APOSTOLORUM";"STS PIERRE ET PAUL, APOTRES";
;"Ss. Protomartyrum S. Romanae Ecclesiae";"Sts protomartyrs de la Sainte Eglise romaine";
;"SACRATISSIMI CORDIS IESU";"TRES SAINT COEUR DE JESUS";
;"S. Thomae, apostoli";"St Thomas, apôtre";
;"S. Elisabeth Lusitaniae";"Ste Elisabeth du Portugal";
;"S. Antonii Mariae Zaccaria, presbyteri";"St Antoine-Marie Zaccaria, prêtre";
;"S. Mariae Goretti, virginis et martyris";"Ste Maria Goretti, vierge et martyre";
;"Ss. Augustini Zhao Rong, presbyteri et sociorum, martyrum.";"St Augustin Zhao Rong, prêtre et ses compagnons martyrs";
;"S. Benedicti, abbatis";"St Benoît, abbé";
;"S. Henrici";"St Henri ";
;"S. Camilli de Lellis, presbyteri";"St Camille de Lellis, prêtre";
;"S. Bonaventurae, episcopi et Ecclesiae doctoris";"St Bonaventure, évêque et docteur de l'Église";
;"B. Mariae Virginis de Monte Carmelo";"Bienheureuse Vierge Marie du Mont Carmel";
;"S. Apollinaris, episcopi et martyris";"St Apollinaire, évêque et martyr";
;"S. Laurentii de Brindisi, presbyteri et Ecclesiae doctoris";"St Laurent de Brindisi, prêtre et docteur de l' Église";
;"S. Mariae Magdalenae";"Ste Marie-Madeleine";
;"S. Birgittae, religiosae";"Ste Brigitte, religieuse";
;"S. Sarbelii Makhluf, presbyteri";"St Charbel Maklouf, prêtre";
;"S. Iacobi, apostoli";"St Jacques, apôtre";
;"Ss. Ioachim et Annae, parentum B. Mariae Virginis";"Sts Joachim et Anne, parents de la Bienheureuse Vierge Marie";
;"S. Marthae";"Ste Marthe";
;"S. Petri Chrysologi, episcopi et Ecclesiae doctoris";"St Pierre Chrysologue, évêque et docteur de  l'Église";
;"S. Ignatii de Loyola, presbyteri";"St Ignace de Loyola, prêtre";
;"S. Alfonsi Mariae de Liguori, episcopi et Ecclesiae doctoris";"St Alphonse-Marie de Liguori, évêque et docteur de l'Église";
;"S. Eusebii Vercellensis, episcopi";"St Eusèbe de Verceil, évêque";
;"S. Petri Iuliani Eymard, presbyteri";"St Pierre Julien Eymard, prêtre";
;"S. Ioannis Mariae Vianney, presbyteri";"St Jean-Marie Vianney, prêtre";
;"In Dedicatione basilicae S. Mariae";"Dédicace de la Basilique Ste Marie.";
;"IN TRANSFIGURATIONE DOMINI";"TRANSFIGURATION DU SEIGNEUR";
;"Ss. Xysti, papae, et sociorum, martyrum";"St Sixte II, pape, et ses compagnons, martyrs";
;"S. Caietani, presbyteri";"St Gaétan, prêtre";
;"S. Dominici, presbyteri";"St Dominique, prêtre";
;"S. Teresiae Benedictae a Cruce, virginis et martyris";"Ste Thérèse-Bénédicte de la Croix, vierge et martyre.";
;"S. Laurentii, diaconi et martyris";"St Laurent, diacre et martyr";
;"S. Clarae, virginis";"Ste Claire, vierge";
;"S. Ioannae Franciscae de Chantal, religiosae";"Ste Jeanne-Françoise de Chantal, religieuse";
;"Ss. Pontiani, papae, et Hippolyti, presbyteri, martyrum";"Sts Pontien, pape, et Hippolyte, prêtre, martyrs";
;"S. Maximiliani Mariae Kolbe, presbyteri et martyris";"St Maximilien-Marie Kolbe, prêtre et martyr";
;"IN ASSUMPTIONE B. MARIAE VIRGINIS";"ASSOMPTION DE LA BIENHEUREUSE VIERGE MARIE";
;"S. Stephani Hungariae";"St Étienne de Hongrie";
;"S. Ioannis Eudes, presbyteri";"St Jean Eudes, prêtre";
;"S. Bernardi, abbatis et Ecclesiae doctoris";"St Bernard, abbé et docteur de l'Église";
;"S. Pii X, papae";"St Pie X, pape";
;"B. Mariae Virginis Reginae";"Bienheureuse Vierge Marie, reine.";
;"S. Rosae de Lima, virginis";"Ste Rose de Lima";
;"S. Bartholomaei, apostoli";"St Barthélemy, apôtre";
;"S. Ludovici";"St Louis";
;"S. Ioseph de Calasanz, presbyteri";"St Joseph Calasanz, prêtre";
;"S. Monicae";"Ste Monique";
;"S. Augustini, episcopi et Ecclesiae doctoris";"St Augustin, évêque et docteur de l'Église";
;"In Passione S. Ioannis Baptistae, martyris";"Passion de St Jean-Baptiste, martyr";
;"S. Gregorii Magni, papae et Ecclesiae doctoris";"St Grégoire le Grand, pape et docteur de l'Eglise";
;"In Nativitate B. Mariae Virginis";"Nativité de la bienheureuse Vierge Marie";
;"S. Petri Claver, presbyteri";"St Pierre Claver, prêtre";
;"Ss.mi Nominis Mariae";"Très Saint Nom de Marie";
;"S. Ioannis Chrysostomi, episcopi et Ecclesiae doctoris";"St Jean Chrysostome, évêque et docteur de l'Église";
;"IN EXALTATIONE SANCTAE CRUCIS";"EXALTATION DE LA SAINTE CROIX";
;"B. Mariae Virginis Perdolentis";"Bienheureuse Marie Vierge des Douleurs";
;"Ss. Cornelii, papae, et Cypriani, episcopi, martyrum";"St Corneille, pape et St Cyprien, évêque, martyrs";
;"S. Roberti Bellarmino, episcopi et Ecclesiae doctoris";"St Robert Bellarmin, évêque et docteur de l'Église";
;"S. Ianuarii, episcopi et martyris";"St Janvier, évêque et martyr";
;"Ss. Andreae Kim Tae-gon et Pauli Chong Ha-sang et sociorum, martyrum";"Sts André Kim Taegon, prêtre, Pauli Chong Ha-sang et leurs compagnons martyrs";
;"S. Matthaei, apostoli et evangelistae";"St Matthieu, apôtre et évangéliste";
;"S. Pio de Petrelcina, presbyteri";"St Pio de Pietrelcina, prêtre";
;"Ss. Cosmae et Damiani, martyrum";"Sts Côme et Damien, martyrs";
;"S. Vincentii de Paul, presbyteri";"St Vincent de Paul, prêtre";
;"S. Venceslai, martyris";"St Venceslas, martyr";
;"S. Laurentii Ruiz et sociorum, martyrum";"St Laurent Ruiz et ses compagnons martyrs";
;"Ss. Michaelis, Gabrielis et Raphaelis, archangelorum";"St Michel, St Gabriel et St Raphaël, archanges";
;"S. Hieronymi, presbyteri et Ecclesiae doctoris";"St Jérôme, prêtre et docteur de l'Église";
;"S. Teresiae a Iesu Infante, virginis et Ecclesiae doctoris";"Ste Thérèse de l’Enfant-Jésus, vierge et docteur de l'Église";
;"Ss. Angelorum Custodum";"Saints Anges Gardiens";
;"S. Francisci Assisiensis";"St François d’Assise";
;"S. Brunonis, presbyteri";"St Bruno, prêtre";
;"B. Mariae Virginis a Rosario";"Bienheureuse Marie, Vierge du Rosaire";
;"Ss. Dionysii, episcopi, et sociorum, martyrum";"St Denis, évêque, et ses compagnons, martyrs";
;"S. Ioannis Leonardi, presbyteri";"St  Jean Léonardi, prêtre";
;"S. Callisti I, papae et martyris";"St Callliste 1er, pape et martyr";
;"S. Teresiae a Iesu, virginis et Ecclesiae doctoris";"Ste Thérèse d’Avila, vierge et docteur de l'Église";
;"S. Hedvigis, religiosae";"Ste Edwige, religieuse";
;"S. Margaritae Mariae Alacoque, virginis";"Ste Marguerite-Marie Alacoque, vierge";
;"S. Ignatii Antiocheni, episcopi et martyris";"St Ignace d’Antioche, évêque et martyr";
;"S. Lucae, evangelistae";"St Luc, évangéliste";
;"Ss. Ioannis de Brébeuf et Isaac Jogues, presbyterorum, et sociorum, martyrum";"Sts Jean de Brébeuf et Isaac Jogues, prêtres et leurs compagnons martyrs";
;"S. Pauli a Cruce, presbyteri";"St Paul de la Croix, prêtre";
;"S. Ioannis de Capestrano, presbyteri";"St Jean de Capistran, prêtre";
;"S. Antonii Mariae Claret, episcopi";"St Antoine-Marie Claret, évêque";
;"Ss. Simonis et Iudae, apostolorum";"Sts Simon et Jude, apôtres";
;"OMNIUM SANCTORUM";"TOUS LES SAINTS";
;"IN COMMEMORATIONE OMNIUM FIDELIUM DEFUNCTORUM";"COMMEMORATION DE TOUS LES FIDELES DEFUNTS";
;"S. Martini de Porres, religiosi";"St Martin de Porrès, religieux";
;"S. Caroli Borromeo, episcopi";"St Charles Borromée, évêque";
;"IN DEDICATIONE BASILICAE LATERANENSIS";"DEDICACE DE LA BASILIQUE DU LATRAN";
;"S. Leonis Magni, papae et Ecclesiae doctoris";"St Léon le Grand, pape et docteur de l'Église";
;"S. Martini Turonensis, episcopi";"St Martin de Tours, évêque";
;"S. Iosaphat, episcopi et martyris";"St Josaphat, évêque et martyr";
;"S. Alberti Magni, episcopi et Ecclesiae doctoris";"St Albert le Grand, évêque et docteur de l'Église";
;"S. Margaritae Scotiae";"Ste Gertrude, vierge";
;"S. Gertrudis, virginis";"Ste Marguerite d'Écosse";
;"S. Elisabeth Hungariae, religiosae";"Ste Élisabeth de Hongrie, religieuse";
;"In Dedicatione basilicarum Ss. Petri et Pauli, apostolorum";"Dédicace des basiliques de Sts Pierre et Paul, apôtres";
;"In Praesentatione B. Mariae Virginis";"Présentation de la Bienheureuse Vierge Marie";
;"S. Caeciliae, virginis et martyris";"Ste Cécile, vierge et martyre";
;"S. Clementis I, papae et martyris";"St Clément Ier, pape et martyr";
;"S. Columbani, abbatis";"St Colomban, abbé";
;"Ss. Andreae Dung Lac, presbyteri, et sociorum, martyrum";"St-André Dung-Lac, prêtre et ses compagnons martyrs";
;"S. Catharinae Alexandrinae, virginis et martyris";"Ste Catherine d'Alexandrie, vierge et martyr";
;"S. Andreae, apostoli";"St André, apôtre";
;"D.N. IESU CHRISTI UNIVERSORUM REGIS";"N. S. J. C. ROI DE L'UNIVERS";
;"S. Francisci Xavier, presbyteri";"St François-Xavier, prêtre";
;"S. Ioannis Damasceni, presbyteri et Ecclesiae doctoris";"St Jean Damascène, prêtre et docteur de l'Église";
;"S. Nicolai, episcopi";"St Nicolas, évêque";
;"S. Ambrosii, episcopi et Ecclesiae doctoris";"St Ambroise, évêque et docteur de l'Église";
;"IN CONCEPTIONE IMMACULATA BEATAE MARIAE VIRGINIS";"CONCEPTION IMMACULEE DE LA BIENHEUREUSE VIERGE MARIE";
;"S. Ioanne Diedo Cuahtlatoatzin";"St Jean Diego Cuahtlatoatzin";
;"S. Damasi I, papae";"St Damase 1er, pape";
;"B. Mariae Virginis de Guadalupe";"Bienheureuse Vierge Marie de Guadalupe.";
;"S. Luciae, virginis et martyris";"Ste Lucie, vierge et martyre";
;"S. Ioannis a Cruce, presbyteri et Ecclesiae doctoris";"St Jean de la Croix, prêtre et docteur de l'Église";
;"S. Petri Canisii, presbyteri et Ecclesiae doctoris";"St Pierre Canisius, prêtre et docteur de l'Église";
;"S. Ioannis de Kety, presbyteri";"St Jean de Kenty, prêtre";
;"IN NATIVITATE DOMINI";"NATIVITE DU SEIGNEUR";
;"S. Stephani, protomartyris";"St Étienne, protomartyr";
;"S. Ioannis, apostoli et evangelistae";"St Jean, apôtre et évangéliste";
;"Ss. Innocentium, martyrum";"Les Saints Innocents, martyrs";
;"S. Thomae Becket, episcopi et martyris";"St Thomas Becket, évêque et martyr";
;"S. Silvestri I, papae";"St Sylvestre 1er, pape  ";
;"SANCTAE FAMILIAE IESU, MARIAE ET IOSEPH";"SAINTE FAMILLE DE JESUS, MARIE ET JOSEPH";
